<?xml version="1.0" encoding="UTF-8"?>
<beans xmlns="http://www.springframework.org/schema/beans"  
    xmlns:xsi="http://www.w3.org/2001/XMLSchema-instance"   
    xmlns:context="http://www.springframework.org/schema/context"  
    xmlns:mvc="http://www.springframework.org/schema/mvc"  
    xsi:schemaLocation="  
        http://www.springframework.org/schema/beans  
        http://www.springframework.org/schema/beans/spring-beans.xsd  
        http://www.springframework.org/schema/context  
        http://www.springframework.org/schema/context/spring-context.xsd  
        http://www.springframework.org/schema/mvc  
        http://www.springframework.org/schema/mvc/spring-mvc.xsd">  

<context:component-scan base-package="com.spring.jdbc"></context:component-scan>
<bean class="org.springframework.web.servlet.view.InternalResourceViewResolver">    
<property name="prefix" value="/WEB-INF/jsp/"></property>    
<property name="suffix" value=".jsp"></property>    
</bean>          
        
<bean class="org.springframework.jdbc.datasource.DriverManagerDataSource" name="ds" >
<property name="driverClassName" value="com.mysql.jdbc.Driver"></property>    
<property name="url" value="jdbc:mysql://localhost:3306/d1"></property>    
<property name="username" value="root"></property>    
<property name="password" value=""></property>    

</bean>

<bean class="org.springframework.jdbc.core.JdbcTemplate"  name="jdbctemplate">
<property name="dataSource" ref="ds"></property>

</bean>  
        
</beans>